...1,Time,Cycle,Phase,Cell_types,Density,Host,Genotype,Genotype_plot
1,0,1,growth,A1,10000000,rifR,Ancestor,Ancestor
2,0,1,growth,M1,100000,rifR,Mutant,Mutant
3,0,1,growth,F1,0,rifR,Plasmid-free,Plasmid-free
4,0,1,growth,A2,0,nalR,Ancestor,Ancestor
5,0,1,growth,M2,0,nalR,Mutant,Mutant
6,0,1,growth,F2,0,nalR,Plasmid-free,Plasmid-free
701,1,1,growth,A1,16002615.9279991,rifR,Ancestor,Ancestor
702,1,1,growth,M1,184950.892235741,rifR,Mutant,Mutant
703,1,1,growth,F1,0,rifR,Plasmid-free,Plasmid-free
704,1,1,growth,A2,0,nalR,Ancestor,Ancestor
705,1,1,growth,M2,0,nalR,Mutant,Mutant
706,1,1,growth,F2,0,nalR,Plasmid-free,Plasmid-free
1401,2,1,growth,A1,25607435.5920613,rifR,Ancestor,Ancestor
1402,2,1,growth,M1,342051.984130613,rifR,Mutant,Mutant
1403,2,1,growth,F1,0,rifR,Plasmid-free,Plasmid-free
1404,2,1,growth,A2,0,nalR,Ancestor,Ancestor
1405,2,1,growth,M2,0,nalR,Mutant,Mutant
1406,2,1,growth,F2,0,nalR,Plasmid-free,Plasmid-free
2101,3,1,growth,A1,40974645.4077808,rifR,Ancestor,Ancestor
2102,3,1,growth,M1,632548.495651756,rifR,Mutant,Mutant
2103,3,1,growth,F1,0,rifR,Plasmid-free,Plasmid-free
2104,3,1,growth,A2,0,nalR,Ancestor,Ancestor
2105,3,1,growth,M2,0,nalR,Mutant,Mutant
2106,3,1,growth,F2,0,nalR,Plasmid-free,Plasmid-free
2801,4,1,growth,A1,65557320.6203961,rifR,Ancestor,Ancestor
2802,4,1,growth,M1,1169604.90547009,rifR,Mutant,Mutant
2803,4,1,growth,F1,0,rifR,Plasmid-free,Plasmid-free
2804,4,1,growth,A2,0,nalR,Ancestor,Ancestor
2805,4,1,growth,M2,0,nalR,Mutant,Mutant
2806,4,1,growth,F2,0,nalR,Plasmid-free,Plasmid-free
3501,5,1,growth,A1,104870673.297193,rifR,Ancestor,Ancestor
3502,5,1,growth,M1,2162165.62541355,rifR,Mutant,Mutant
3503,5,1,growth,F1,0,rifR,Plasmid-free,Plasmid-free
3504,5,1,growth,A2,0,nalR,Ancestor,Ancestor
3505,5,1,growth,M2,0,nalR,Mutant,Mutant
3506,5,1,growth,F2,0,nalR,Plasmid-free,Plasmid-free
4201,6,1,growth,A1,167709699.440772,rifR,Ancestor,Ancestor
4202,6,1,growth,M1,3995494.02810357,rifR,Mutant,Mutant
4203,6,1,growth,F1,0,rifR,Plasmid-free,Plasmid-free
4204,6,1,growth,A2,0,nalR,Ancestor,Ancestor
4205,6,1,growth,M2,0,nalR,Mutant,Mutant
4206,6,1,growth,F2,0,nalR,Plasmid-free,Plasmid-free
4901,7,1,growth,A1,268052591.82324,rifR,Ancestor,Ancestor
4902,7,1,growth,M1,7377943.93496606,rifR,Mutant,Mutant
4903,7,1,growth,F1,0,rifR,Plasmid-free,Plasmid-free
4904,7,1,growth,A2,0,nalR,Ancestor,Ancestor
4905,7,1,growth,M2,0,nalR,Mutant,Mutant
4906,7,1,growth,F2,0,nalR,Plasmid-free,Plasmid-free
5601,8,1,growth,A1,427919293.618927,rifR,Ancestor,Ancestor
5602,8,1,growth,M1,13602559.7743964,rifR,Mutant,Mutant
5603,8,1,growth,F1,0,rifR,Plasmid-free,Plasmid-free
5604,8,1,growth,A2,0,nalR,Ancestor,Ancestor
5605,8,1,growth,M2,0,nalR,Mutant,Mutant
5606,8,1,growth,F2,0,nalR,Plasmid-free,Plasmid-free
6301,9,1,growth,A1,680718141.198857,rifR,Ancestor,Ancestor
6302,9,1,growth,M1,24963066.7720902,rifR,Mutant,Mutant
6303,9,1,growth,F1,0,rifR,Plasmid-free,Plasmid-free
6304,9,1,growth,A2,0,nalR,Ancestor,Ancestor
6305,9,1,growth,M2,0,nalR,Mutant,Mutant
6306,9,1,growth,F2,0,nalR,Plasmid-free,Plasmid-free
7001,10,1,growth,A1,970407547.092474,rifR,Ancestor,Ancestor
7002,10,1,growth,M1,39692361.9132537,rifR,Mutant,Mutant
7003,10,1,growth,F1,0,rifR,Plasmid-free,Plasmid-free
7004,10,1,growth,A2,0,nalR,Ancestor,Ancestor
7005,10,1,growth,M2,0,nalR,Mutant,Mutant
7006,10,1,growth,F2,0,nalR,Plasmid-free,Plasmid-free
7701,11,1,growth,A1,970407633.462945,rifR,Ancestor,Ancestor
7702,11,1,growth,M1,39692366.5370551,rifR,Mutant,Mutant
7703,11,1,growth,F1,0,rifR,Plasmid-free,Plasmid-free
7704,11,1,growth,A2,0,nalR,Ancestor,Ancestor
7705,11,1,growth,M2,0,nalR,Mutant,Mutant
7706,11,1,growth,F2,0,nalR,Plasmid-free,Plasmid-free
8401,12,1,growth,A1,970407633.462945,rifR,Ancestor,Ancestor
8402,12,1,growth,M1,39692366.5370551,rifR,Mutant,Mutant
8403,12,1,growth,F1,0,rifR,Plasmid-free,Plasmid-free
8404,12,1,growth,A2,0,nalR,Ancestor,Ancestor
8405,12,1,growth,M2,0,nalR,Mutant,Mutant
8406,12,1,growth,F2,0,nalR,Plasmid-free,Plasmid-free
9101,13,1,growth,A1,970407633.462945,rifR,Ancestor,Ancestor
9102,13,1,growth,M1,39692366.5370551,rifR,Mutant,Mutant
9103,13,1,growth,F1,0,rifR,Plasmid-free,Plasmid-free
9104,13,1,growth,A2,0,nalR,Ancestor,Ancestor
9105,13,1,growth,M2,0,nalR,Mutant,Mutant
9106,13,1,growth,F2,0,nalR,Plasmid-free,Plasmid-free
9801,14,1,growth,A1,970407633.462945,rifR,Ancestor,Ancestor
9802,14,1,growth,M1,39692366.5370551,rifR,Mutant,Mutant
9803,14,1,growth,F1,0,rifR,Plasmid-free,Plasmid-free
9804,14,1,growth,A2,0,nalR,Ancestor,Ancestor
9805,14,1,growth,M2,0,nalR,Mutant,Mutant
9806,14,1,growth,F2,0,nalR,Plasmid-free,Plasmid-free
10501,15,1,growth,A1,970407633.462945,rifR,Ancestor,Ancestor
10502,15,1,growth,M1,39692366.5370551,rifR,Mutant,Mutant
10503,15,1,growth,F1,0,rifR,Plasmid-free,Plasmid-free
10504,15,1,growth,A2,0,nalR,Ancestor,Ancestor
10505,15,1,growth,M2,0,nalR,Mutant,Mutant
10506,15,1,growth,F2,0,nalR,Plasmid-free,Plasmid-free
11201,16,1,growth,A1,970407633.462945,rifR,Ancestor,Ancestor
11202,16,1,growth,M1,39692366.5370551,rifR,Mutant,Mutant
11203,16,1,growth,F1,0,rifR,Plasmid-free,Plasmid-free
11204,16,1,growth,A2,0,nalR,Ancestor,Ancestor
11205,16,1,growth,M2,0,nalR,Mutant,Mutant
11206,16,1,growth,F2,0,nalR,Plasmid-free,Plasmid-free
11901,17,1,growth,A1,970407633.462945,rifR,Ancestor,Ancestor
11902,17,1,growth,M1,39692366.5370551,rifR,Mutant,Mutant
11903,17,1,growth,F1,0,rifR,Plasmid-free,Plasmid-free
11904,17,1,growth,A2,0,nalR,Ancestor,Ancestor
11905,17,1,growth,M2,0,nalR,Mutant,Mutant
11906,17,1,growth,F2,0,nalR,Plasmid-free,Plasmid-free
12601,18,1,growth,A1,970407633.462945,rifR,Ancestor,Ancestor
12602,18,1,growth,M1,39692366.5370551,rifR,Mutant,Mutant
12603,18,1,growth,F1,0,rifR,Plasmid-free,Plasmid-free
12604,18,1,growth,A2,0,nalR,Ancestor,Ancestor
12605,18,1,growth,M2,0,nalR,Mutant,Mutant
12606,18,1,growth,F2,0,nalR,Plasmid-free,Plasmid-free
13301,19,1,growth,A1,970407633.462945,rifR,Ancestor,Ancestor
13302,19,1,growth,M1,39692366.5370551,rifR,Mutant,Mutant
13303,19,1,growth,F1,0,rifR,Plasmid-free,Plasmid-free
13304,19,1,growth,A2,0,nalR,Ancestor,Ancestor
13305,19,1,growth,M2,0,nalR,Mutant,Mutant
13306,19,1,growth,F2,0,nalR,Plasmid-free,Plasmid-free
14001,20,1,growth,A1,970407633.462945,rifR,Ancestor,Ancestor
14002,20,1,growth,M1,39692366.5370551,rifR,Mutant,Mutant
14003,20,1,growth,F1,0,rifR,Plasmid-free,Plasmid-free
14004,20,1,growth,A2,0,nalR,Ancestor,Ancestor
14005,20,1,growth,M2,0,nalR,Mutant,Mutant
14006,20,1,growth,F2,0,nalR,Plasmid-free,Plasmid-free
14701,21,1,growth,A1,970407633.462945,rifR,Ancestor,Ancestor
14702,21,1,growth,M1,39692366.5370551,rifR,Mutant,Mutant
14703,21,1,growth,F1,0,rifR,Plasmid-free,Plasmid-free
14704,21,1,growth,A2,0,nalR,Ancestor,Ancestor
14705,21,1,growth,M2,0,nalR,Mutant,Mutant
14706,21,1,growth,F2,0,nalR,Plasmid-free,Plasmid-free
15401,22,1,growth,A1,970407633.462945,rifR,Ancestor,Ancestor
15402,22,1,growth,M1,39692366.5370551,rifR,Mutant,Mutant
15403,22,1,growth,F1,0,rifR,Plasmid-free,Plasmid-free
15404,22,1,growth,A2,0,nalR,Ancestor,Ancestor
15405,22,1,growth,M2,0,nalR,Mutant,Mutant
15406,22,1,growth,F2,0,nalR,Plasmid-free,Plasmid-free
16101,23,1,growth,A1,970407633.462945,rifR,Ancestor,Ancestor
16102,23,1,growth,M1,39692366.5370551,rifR,Mutant,Mutant
16103,23,1,growth,F1,0,rifR,Plasmid-free,Plasmid-free
16104,23,1,growth,A2,0,nalR,Ancestor,Ancestor
16105,23,1,growth,M2,0,nalR,Mutant,Mutant
16106,23,1,growth,F2,0,nalR,Plasmid-free,Plasmid-free
16801,24,1,growth,A1,970407633.462945,rifR,Ancestor,Ancestor
16802,24,1,growth,M1,39692366.5370551,rifR,Mutant,Mutant
16803,24,1,growth,F1,0,rifR,Plasmid-free,Plasmid-free
16804,24,1,growth,A2,0,nalR,Ancestor,Ancestor
16805,24,1,growth,M2,0,nalR,Mutant,Mutant
16806,24,1,growth,F2,0,nalR,Plasmid-free,Plasmid-free
16808,24,1,growth,A1,970407.633462945,rifR,Ancestor,Ancestor
16809,24,1,growth,M1,39692.3665370551,rifR,Mutant,Mutant
16810,24,1,growth,F1,0,rifR,Plasmid-free,Plasmid-free
16811,24,1,growth,A2,0,nalR,Ancestor,Ancestor
16812,24,1,growth,M2,0,nalR,Mutant,Mutant
16813,24,1,growth,F2,0,nalR,Plasmid-free,Plasmid-free
17508,25,1,growth,A1,1552924.13011415,rifR,Ancestor,Ancestor
17509,25,1,growth,M1,73412.5021712477,rifR,Mutant,Mutant
17510,25,1,growth,F1,0,rifR,Plasmid-free,Plasmid-free
17511,25,1,growth,A2,0,nalR,Ancestor,Ancestor
17512,25,1,growth,M2,0,nalR,Mutant,Mutant
17513,25,1,growth,F2,0,nalR,Plasmid-free,Plasmid-free
18208,26,1,growth,A1,2485104.63878642,rifR,Ancestor,Ancestor
18209,26,1,growth,M1,135778.491402329,rifR,Mutant,Mutant
18210,26,1,growth,F1,0,rifR,Plasmid-free,Plasmid-free
18211,26,1,growth,A2,0,nalR,Ancestor,Ancestor
18212,26,1,growth,M2,0,nalR,Mutant,Mutant
18213,26,1,growth,F2,0,nalR,Plasmid-free,Plasmid-free
18908,27,1,growth,A1,3976825.5900649,rifR,Ancestor,Ancestor
18909,27,1,growth,M1,251124.198352191,rifR,Mutant,Mutant
18910,27,1,growth,F1,0,rifR,Plasmid-free,Plasmid-free
18911,27,1,growth,A2,0,nalR,Ancestor,Ancestor
18912,27,1,growth,M2,0,nalR,Mutant,Mutant
18913,27,1,growth,F2,0,nalR,Plasmid-free,Plasmid-free
19608,28,1,growth,A1,6363912.91703624,rifR,Ancestor,Ancestor
19609,28,1,growth,M1,464451.835055477,rifR,Mutant,Mutant
19610,28,1,growth,F1,0,rifR,Plasmid-free,Plasmid-free
19611,28,1,growth,A2,0,nalR,Ancestor,Ancestor
19612,28,1,growth,M2,0,nalR,Mutant,Mutant
19613,28,1,growth,F2,0,nalR,Plasmid-free,Plasmid-free
20308,29,1,growth,A1,10183688.4203841,rifR,Ancestor,Ancestor
20309,29,1,growth,M1,858981.68637117,rifR,Mutant,Mutant
20310,29,1,growth,F1,0,rifR,Plasmid-free,Plasmid-free
20311,29,1,growth,A2,0,nalR,Ancestor,Ancestor
20312,29,1,growth,M2,0,nalR,Mutant,Mutant
20313,29,1,growth,F2,0,nalR,Plasmid-free,Plasmid-free
21008,30,1,growth,A1,16295768.085558,rifR,Ancestor,Ancestor
21009,30,1,growth,M1,1588592.70295546,rifR,Mutant,Mutant
21010,30,1,growth,F1,0,rifR,Plasmid-free,Plasmid-free
21011,30,1,growth,A2,0,nalR,Ancestor,Ancestor
21012,30,1,growth,M2,0,nalR,Mutant,Mutant
21013,30,1,growth,F2,0,nalR,Plasmid-free,Plasmid-free
21708,31,1,growth,A1,26075112.6645953,rifR,Ancestor,Ancestor
21709,31,1,growth,M1,2937766.05612782,rifR,Mutant,Mutant
21710,31,1,growth,F1,0,rifR,Plasmid-free,Plasmid-free
21711,31,1,growth,A2,0,nalR,Ancestor,Ancestor
21712,31,1,growth,M2,0,nalR,Mutant,Mutant
21713,31,1,growth,F2,0,nalR,Plasmid-free,Plasmid-free
22408,32,1,growth,A1,41720250.3984204,rifR,Ancestor,Ancestor
22409,32,1,growth,M1,5432275.68712681,rifR,Mutant,Mutant
22410,32,1,growth,F1,0,rifR,Plasmid-free,Plasmid-free
22411,32,1,growth,A2,0,nalR,Ancestor,Ancestor
22412,32,1,growth,M2,0,nalR,Mutant,Mutant
22413,32,1,growth,F2,0,nalR,Plasmid-free,Plasmid-free
23108,33,1,growth,A1,66744514.1423941,rifR,Ancestor,Ancestor
23109,33,1,growth,M1,10043344.9476123,rifR,Mutant,Mutant
23110,33,1,growth,F1,0,rifR,Plasmid-free,Plasmid-free
23111,33,1,growth,A2,0,nalR,Ancestor,Ancestor
23112,33,1,growth,M2,0,nalR,Mutant,Mutant
23113,33,1,growth,F2,0,nalR,Plasmid-free,Plasmid-free
23808,34,1,growth,A1,106756225.572258,rifR,Ancestor,Ancestor
23809,34,1,growth,M1,18563334.0326255,rifR,Mutant,Mutant
23810,34,1,growth,F1,0,rifR,Plasmid-free,Plasmid-free
23811,34,1,growth,A2,0,nalR,Ancestor,Ancestor
23812,34,1,growth,M2,0,nalR,Mutant,Mutant
23813,34,1,growth,F2,0,nalR,Plasmid-free,Plasmid-free
24508,35,1,growth,A1,170688107.661352,rifR,Ancestor,Ancestor
24509,35,1,growth,M1,34293717.1727318,rifR,Mutant,Mutant
24510,35,1,growth,F1,0,rifR,Plasmid-free,Plasmid-free
24511,35,1,growth,A2,0,nalR,Ancestor,Ancestor
24512,35,1,growth,M2,0,nalR,Mutant,Mutant
24513,35,1,growth,F2,0,nalR,Plasmid-free,Plasmid-free
25208,36,1,growth,A1,272693024.514769,rifR,Ancestor,Ancestor
25209,36,1,growth,M1,63289216.1517509,rifR,Mutant,Mutant
25210,36,1,growth,F1,0,rifR,Plasmid-free,Plasmid-free
25211,36,1,growth,A2,0,nalR,Ancestor,Ancestor
25212,36,1,growth,M2,0,nalR,Mutant,Mutant
25213,36,1,growth,F2,0,nalR,Plasmid-free,Plasmid-free
25908,37,1,growth,A1,434811437.75657,rifR,Ancestor,Ancestor
25909,37,1,growth,M1,116504320.092676,rifR,Mutant,Mutant
25910,37,1,growth,F1,0,rifR,Plasmid-free,Plasmid-free
25911,37,1,growth,A2,0,nalR,Ancestor,Ancestor
25912,37,1,growth,M2,0,nalR,Mutant,Mutant
25913,37,1,growth,F2,0,nalR,Plasmid-free,Plasmid-free
26608,38,1,growth,A1,686528245.807547,rifR,Ancestor,Ancestor
26609,38,1,growth,M1,211726019.80246,rifR,Mutant,Mutant
26610,38,1,growth,F1,0,rifR,Plasmid-free,Plasmid-free
26611,38,1,growth,A2,0,nalR,Ancestor,Ancestor
26612,38,1,growth,M2,0,nalR,Mutant,Mutant
26613,38,1,growth,F2,0,nalR,Plasmid-free,Plasmid-free
27308,39,1,growth,A1,759412230.16627,rifR,Ancestor,Ancestor
27309,39,1,growth,M1,241597869.83373,rifR,Mutant,Mutant
27310,39,1,growth,F1,0,rifR,Plasmid-free,Plasmid-free
27311,39,1,growth,A2,0,nalR,Ancestor,Ancestor
27312,39,1,growth,M2,0,nalR,Mutant,Mutant
27313,39,1,growth,F2,0,nalR,Plasmid-free,Plasmid-free
28008,40,1,growth,A1,759412230.16627,rifR,Ancestor,Ancestor
28009,40,1,growth,M1,241597869.83373,rifR,Mutant,Mutant
28010,40,1,growth,F1,0,rifR,Plasmid-free,Plasmid-free
28011,40,1,growth,A2,0,nalR,Ancestor,Ancestor
28012,40,1,growth,M2,0,nalR,Mutant,Mutant
28013,40,1,growth,F2,0,nalR,Plasmid-free,Plasmid-free
28708,41,1,growth,A1,759412230.16627,rifR,Ancestor,Ancestor
28709,41,1,growth,M1,241597869.83373,rifR,Mutant,Mutant
28710,41,1,growth,F1,0,rifR,Plasmid-free,Plasmid-free
28711,41,1,growth,A2,0,nalR,Ancestor,Ancestor
28712,41,1,growth,M2,0,nalR,Mutant,Mutant
28713,41,1,growth,F2,0,nalR,Plasmid-free,Plasmid-free
29408,42,1,growth,A1,759412230.16627,rifR,Ancestor,Ancestor
29409,42,1,growth,M1,241597869.83373,rifR,Mutant,Mutant
29410,42,1,growth,F1,0,rifR,Plasmid-free,Plasmid-free
29411,42,1,growth,A2,0,nalR,Ancestor,Ancestor
29412,42,1,growth,M2,0,nalR,Mutant,Mutant
29413,42,1,growth,F2,0,nalR,Plasmid-free,Plasmid-free
30108,43,1,growth,A1,759412230.16627,rifR,Ancestor,Ancestor
30109,43,1,growth,M1,241597869.83373,rifR,Mutant,Mutant
30110,43,1,growth,F1,0,rifR,Plasmid-free,Plasmid-free
30111,43,1,growth,A2,0,nalR,Ancestor,Ancestor
30112,43,1,growth,M2,0,nalR,Mutant,Mutant
30113,43,1,growth,F2,0,nalR,Plasmid-free,Plasmid-free
30808,44,1,growth,A1,759412230.16627,rifR,Ancestor,Ancestor
30809,44,1,growth,M1,241597869.83373,rifR,Mutant,Mutant
30810,44,1,growth,F1,0,rifR,Plasmid-free,Plasmid-free
30811,44,1,growth,A2,0,nalR,Ancestor,Ancestor
30812,44,1,growth,M2,0,nalR,Mutant,Mutant
30813,44,1,growth,F2,0,nalR,Plasmid-free,Plasmid-free
31508,45,1,growth,A1,759412230.16627,rifR,Ancestor,Ancestor
31509,45,1,growth,M1,241597869.83373,rifR,Mutant,Mutant
31510,45,1,growth,F1,0,rifR,Plasmid-free,Plasmid-free
31511,45,1,growth,A2,0,nalR,Ancestor,Ancestor
31512,45,1,growth,M2,0,nalR,Mutant,Mutant
31513,45,1,growth,F2,0,nalR,Plasmid-free,Plasmid-free
32208,46,1,growth,A1,759412230.16627,rifR,Ancestor,Ancestor
32209,46,1,growth,M1,241597869.83373,rifR,Mutant,Mutant
32210,46,1,growth,F1,0,rifR,Plasmid-free,Plasmid-free
32211,46,1,growth,A2,0,nalR,Ancestor,Ancestor
32212,46,1,growth,M2,0,nalR,Mutant,Mutant
32213,46,1,growth,F2,0,nalR,Plasmid-free,Plasmid-free
32908,47,1,growth,A1,759412230.16627,rifR,Ancestor,Ancestor
32909,47,1,growth,M1,241597869.83373,rifR,Mutant,Mutant
32910,47,1,growth,F1,0,rifR,Plasmid-free,Plasmid-free
32911,47,1,growth,A2,0,nalR,Ancestor,Ancestor
32912,47,1,growth,M2,0,nalR,Mutant,Mutant
32913,47,1,growth,F2,0,nalR,Plasmid-free,Plasmid-free
33608,48,1,growth,A1,759412230.16627,rifR,Ancestor,Ancestor
33609,48,1,growth,M1,241597869.83373,rifR,Mutant,Mutant
33610,48,1,growth,F1,0,rifR,Plasmid-free,Plasmid-free
33611,48,1,growth,A2,0,nalR,Ancestor,Ancestor
33612,48,1,growth,M2,0,nalR,Mutant,Mutant
33613,48,1,growth,F2,0,nalR,Plasmid-free,Plasmid-free
33615,48,1,growth,A1,759412.23016627,rifR,Ancestor,Ancestor
33616,48,1,growth,M1,241597.86983373,rifR,Mutant,Mutant
33617,48,1,growth,F1,0,rifR,Plasmid-free,Plasmid-free
33618,48,1,growth,A2,0,nalR,Ancestor,Ancestor
33619,48,1,growth,M2,0,nalR,Mutant,Mutant
33620,48,1,growth,F2,0,nalR,Plasmid-free,Plasmid-free
34315,49,1,growth,A1,1215272.25805782,rifR,Ancestor,Ancestor
34316,49,1,growth,M1,446844.159379354,rifR,Mutant,Mutant
34317,49,1,growth,F1,0,rifR,Plasmid-free,Plasmid-free
34318,49,1,growth,A2,0,nalR,Ancestor,Ancestor
34319,49,1,growth,M2,0,nalR,Mutant,Mutant
34320,49,1,growth,F2,0,nalR,Plasmid-free,Plasmid-free
35015,50,1,growth,A1,1944768.16673916,rifR,Ancestor,Ancestor
35016,50,1,growth,M1,826450.394733599,rifR,Mutant,Mutant
35017,50,1,growth,F1,0,rifR,Plasmid-free,Plasmid-free
35018,50,1,growth,A2,0,nalR,Ancestor,Ancestor
35019,50,1,growth,M2,0,nalR,Mutant,Mutant
35020,50,1,growth,F2,0,nalR,Plasmid-free,Plasmid-free
35715,51,1,growth,A1,3112140.17607041,rifR,Ancestor,Ancestor
35716,51,1,growth,M1,1528528.901491,rifR,Mutant,Mutant
35717,51,1,growth,F1,0,rifR,Plasmid-free,Plasmid-free
35718,51,1,growth,A2,0,nalR,Ancestor,Ancestor
35719,51,1,growth,M2,0,nalR,Mutant,Mutant
35720,51,1,growth,F2,0,nalR,Plasmid-free,Plasmid-free
36415,52,1,growth,A1,4980184.98872367,rifR,Ancestor,Ancestor
36416,52,1,growth,M1,2826988.22039138,rifR,Mutant,Mutant
36417,52,1,growth,F1,0,rifR,Plasmid-free,Plasmid-free
36418,52,1,growth,A2,0,nalR,Ancestor,Ancestor
36419,52,1,growth,M2,0,nalR,Mutant,Mutant
36420,52,1,growth,F2,0,nalR,Plasmid-free,Plasmid-free
37115,53,1,growth,A1,7969356.780866,rifR,Ancestor,Ancestor
37116,53,1,growth,M1,5228332.45674479,rifR,Mutant,Mutant
37117,53,1,growth,F1,0,rifR,Plasmid-free,Plasmid-free
37118,53,1,growth,A2,0,nalR,Ancestor,Ancestor
37119,53,1,growth,M2,0,nalR,Mutant,Mutant
37120,53,1,growth,F2,0,nalR,Plasmid-free,Plasmid-free
37815,54,1,growth,A1,12752235.8362008,rifR,Ancestor,Ancestor
37816,54,1,growth,M1,9669035.20347959,rifR,Mutant,Mutant
37817,54,1,growth,F1,0,rifR,Plasmid-free,Plasmid-free
37818,54,1,growth,A2,0,nalR,Ancestor,Ancestor
37819,54,1,growth,M2,0,nalR,Mutant,Mutant
37820,54,1,growth,F2,0,nalR,Plasmid-free,Plasmid-free
38515,55,1,growth,A1,20404390.0620676,rifR,Ancestor,Ancestor
38516,55,1,growth,M1,17880077.1787051,rifR,Mutant,Mutant
38517,55,1,growth,F1,0,rifR,Plasmid-free,Plasmid-free
38518,55,1,growth,A2,0,nalR,Ancestor,Ancestor
38519,55,1,growth,M2,0,nalR,Mutant,Mutant
38520,55,1,growth,F2,0,nalR,Plasmid-free,Plasmid-free
39215,56,1,growth,A1,32644862.8007368,rifR,Ancestor,Ancestor
39216,56,1,growth,M1,33059436.8658537,rifR,Mutant,Mutant
39217,56,1,growth,F1,0,rifR,Plasmid-free,Plasmid-free
39218,56,1,growth,A2,0,nalR,Ancestor,Ancestor
39219,56,1,growth,M2,0,nalR,Mutant,Mutant
39220,56,1,growth,F2,0,nalR,Plasmid-free,Plasmid-free
39915,57,1,growth,A1,52218108.593799,rifR,Ancestor,Ancestor
39916,57,1,growth,M1,61109749.2484219,rifR,Mutant,Mutant
39917,57,1,growth,F1,0,rifR,Plasmid-free,Plasmid-free
39918,57,1,growth,A2,0,nalR,Ancestor,Ancestor
39919,57,1,growth,M2,0,nalR,Mutant,Mutant
39920,57,1,growth,F2,0,nalR,Plasmid-free,Plasmid-free
40615,58,1,growth,A1,83495230.4935128,rifR,Ancestor,Ancestor
40616,58,1,growth,M1,112903892.909502,rifR,Mutant,Mutant
40617,58,1,growth,F1,0,rifR,Plasmid-free,Plasmid-free
40618,58,1,growth,A2,0,nalR,Ancestor,Ancestor
40619,58,1,growth,M2,0,nalR,Mutant,Mutant
40620,58,1,growth,F2,0,nalR,Plasmid-free,Plasmid-free
41315,59,1,growth,A1,133395501.347919,rifR,Ancestor,Ancestor
41316,59,1,growth,M1,208370151.702806,rifR,Mutant,Mutant
41317,59,1,growth,F1,0,rifR,Plasmid-free,Plasmid-free
41318,59,1,growth,A2,0,nalR,Ancestor,Ancestor
41319,59,1,growth,M2,0,nalR,Mutant,Mutant
41320,59,1,growth,F2,0,nalR,Plasmid-free,Plasmid-free
42015,60,1,growth,A1,212618155.260946,rifR,Ancestor,Ancestor
42016,60,1,growth,M1,383379207.783348,rifR,Mutant,Mutant
42017,60,1,growth,F1,0,rifR,Plasmid-free,Plasmid-free
42018,60,1,growth,A2,0,nalR,Ancestor,Ancestor
42019,60,1,growth,M2,0,nalR,Mutant,Mutant
42020,60,1,growth,F2,0,nalR,Plasmid-free,Plasmid-free
42715,61,1,growth,A1,326764575.738567,rifR,Ancestor,Ancestor
42716,61,1,growth,M1,672566321.734259,rifR,Mutant,Mutant
42717,61,1,growth,F1,0,rifR,Plasmid-free,Plasmid-free
42718,61,1,growth,A2,0,nalR,Ancestor,Ancestor
42719,61,1,growth,M2,0,nalR,Mutant,Mutant
42720,61,1,growth,F2,0,nalR,Plasmid-free,Plasmid-free
43415,62,1,growth,A1,327216656.421682,rifR,Ancestor,Ancestor
43416,62,1,growth,M1,673784353.678317,rifR,Mutant,Mutant
43417,62,1,growth,F1,0,rifR,Plasmid-free,Plasmid-free
43418,62,1,growth,A2,0,nalR,Ancestor,Ancestor
43419,62,1,growth,M2,0,nalR,Mutant,Mutant
43420,62,1,growth,F2,0,nalR,Plasmid-free,Plasmid-free
44115,63,1,growth,A1,327216656.421682,rifR,Ancestor,Ancestor
44116,63,1,growth,M1,673784353.678317,rifR,Mutant,Mutant
44117,63,1,growth,F1,0,rifR,Plasmid-free,Plasmid-free
44118,63,1,growth,A2,0,nalR,Ancestor,Ancestor
44119,63,1,growth,M2,0,nalR,Mutant,Mutant
44120,63,1,growth,F2,0,nalR,Plasmid-free,Plasmid-free
44815,64,1,growth,A1,327216656.421682,rifR,Ancestor,Ancestor
44816,64,1,growth,M1,673784353.678317,rifR,Mutant,Mutant
44817,64,1,growth,F1,0,rifR,Plasmid-free,Plasmid-free
44818,64,1,growth,A2,0,nalR,Ancestor,Ancestor
44819,64,1,growth,M2,0,nalR,Mutant,Mutant
44820,64,1,growth,F2,0,nalR,Plasmid-free,Plasmid-free
45515,65,1,growth,A1,327216656.421682,rifR,Ancestor,Ancestor
45516,65,1,growth,M1,673784353.678317,rifR,Mutant,Mutant
45517,65,1,growth,F1,0,rifR,Plasmid-free,Plasmid-free
45518,65,1,growth,A2,0,nalR,Ancestor,Ancestor
45519,65,1,growth,M2,0,nalR,Mutant,Mutant
45520,65,1,growth,F2,0,nalR,Plasmid-free,Plasmid-free
46215,66,1,growth,A1,327216656.421682,rifR,Ancestor,Ancestor
46216,66,1,growth,M1,673784353.678317,rifR,Mutant,Mutant
46217,66,1,growth,F1,0,rifR,Plasmid-free,Plasmid-free
46218,66,1,growth,A2,0,nalR,Ancestor,Ancestor
46219,66,1,growth,M2,0,nalR,Mutant,Mutant
46220,66,1,growth,F2,0,nalR,Plasmid-free,Plasmid-free
46915,67,1,growth,A1,327216656.421682,rifR,Ancestor,Ancestor
46916,67,1,growth,M1,673784353.678317,rifR,Mutant,Mutant
46917,67,1,growth,F1,0,rifR,Plasmid-free,Plasmid-free
46918,67,1,growth,A2,0,nalR,Ancestor,Ancestor
46919,67,1,growth,M2,0,nalR,Mutant,Mutant
46920,67,1,growth,F2,0,nalR,Plasmid-free,Plasmid-free
47615,68,1,growth,A1,327216656.421682,rifR,Ancestor,Ancestor
47616,68,1,growth,M1,673784353.678317,rifR,Mutant,Mutant
47617,68,1,growth,F1,0,rifR,Plasmid-free,Plasmid-free
47618,68,1,growth,A2,0,nalR,Ancestor,Ancestor
47619,68,1,growth,M2,0,nalR,Mutant,Mutant
47620,68,1,growth,F2,0,nalR,Plasmid-free,Plasmid-free
48315,69,1,growth,A1,327216656.421682,rifR,Ancestor,Ancestor
48316,69,1,growth,M1,673784353.678317,rifR,Mutant,Mutant
48317,69,1,growth,F1,0,rifR,Plasmid-free,Plasmid-free
48318,69,1,growth,A2,0,nalR,Ancestor,Ancestor
48319,69,1,growth,M2,0,nalR,Mutant,Mutant
48320,69,1,growth,F2,0,nalR,Plasmid-free,Plasmid-free
49015,70,1,growth,A1,327216656.421682,rifR,Ancestor,Ancestor
49016,70,1,growth,M1,673784353.678317,rifR,Mutant,Mutant
49017,70,1,growth,F1,0,rifR,Plasmid-free,Plasmid-free
49018,70,1,growth,A2,0,nalR,Ancestor,Ancestor
49019,70,1,growth,M2,0,nalR,Mutant,Mutant
49020,70,1,growth,F2,0,nalR,Plasmid-free,Plasmid-free
49715,71,1,growth,A1,327216656.421682,rifR,Ancestor,Ancestor
49716,71,1,growth,M1,673784353.678317,rifR,Mutant,Mutant
49717,71,1,growth,F1,0,rifR,Plasmid-free,Plasmid-free
49718,71,1,growth,A2,0,nalR,Ancestor,Ancestor
49719,71,1,growth,M2,0,nalR,Mutant,Mutant
49720,71,1,growth,F2,0,nalR,Plasmid-free,Plasmid-free
50415,72,1,growth,A1,327216656.421682,rifR,Ancestor,Ancestor
50416,72,1,growth,M1,673784353.678317,rifR,Mutant,Mutant
50417,72,1,growth,F1,0,rifR,Plasmid-free,Plasmid-free
50418,72,1,growth,A2,0,nalR,Ancestor,Ancestor
50419,72,1,growth,M2,0,nalR,Mutant,Mutant
50420,72,1,growth,F2,0,nalR,Plasmid-free,Plasmid-free
50422,72,1,growth,A1,327216.656421682,rifR,Ancestor,Ancestor
50423,72,1,growth,M1,673784.353678317,rifR,Mutant,Mutant
50424,72,1,growth,F1,0,rifR,Plasmid-free,Plasmid-free
50425,72,1,growth,A2,0,nalR,Ancestor,Ancestor
50426,72,1,growth,M2,0,nalR,Mutant,Mutant
50427,72,1,growth,F2,0,nalR,Plasmid-free,Plasmid-free
51122,73,1,growth,A1,523638.185428366,rifR,Ancestor,Ancestor
51123,73,1,growth,M1,1246188.64177066,rifR,Mutant,Mutant
51124,73,1,growth,F1,0,rifR,Plasmid-free,Plasmid-free
51125,73,1,growth,A2,0,nalR,Ancestor,Ancestor
51126,73,1,growth,M2,0,nalR,Mutant,Mutant
51127,73,1,growth,F2,0,nalR,Plasmid-free,Plasmid-free
51822,74,1,growth,A1,837963.529483491,rifR,Ancestor,Ancestor
51823,74,1,growth,M1,2304856.61351183,rifR,Mutant,Mutant
51824,74,1,growth,F1,0,rifR,Plasmid-free,Plasmid-free
51825,74,1,growth,A2,0,nalR,Ancestor,Ancestor
51826,74,1,growth,M2,0,nalR,Mutant,Mutant
51827,74,1,growth,F2,0,nalR,Plasmid-free,Plasmid-free
52522,75,1,growth,A1,1340957.94924342,rifR,Ancestor,Ancestor
52523,75,1,growth,M1,4262840.8097895,rifR,Mutant,Mutant
52524,75,1,growth,F1,0,rifR,Plasmid-free,Plasmid-free
52525,75,1,growth,A2,0,nalR,Ancestor,Ancestor
52526,75,1,growth,M2,0,nalR,Mutant,Mutant
52527,75,1,growth,F2,0,nalR,Plasmid-free,Plasmid-free
53222,76,1,growth,A1,2145845.26182623,rifR,Ancestor,Ancestor
53223,76,1,growth,M1,7883978.48374017,rifR,Mutant,Mutant
53224,76,1,growth,F1,0,rifR,Plasmid-free,Plasmid-free
53225,76,1,growth,A2,0,nalR,Ancestor,Ancestor
53226,76,1,growth,M2,0,nalR,Mutant,Mutant
53227,76,1,growth,F2,0,nalR,Plasmid-free,Plasmid-free
53922,77,1,growth,A1,3433754.77458593,rifR,Ancestor,Ancestor
53923,77,1,growth,M1,14580606.2624409,rifR,Mutant,Mutant
53924,77,1,growth,F1,0,rifR,Plasmid-free,Plasmid-free
53925,77,1,growth,A2,0,nalR,Ancestor,Ancestor
53926,77,1,growth,M2,0,nalR,Mutant,Mutant
53927,77,1,growth,F2,0,nalR,Plasmid-free,Plasmid-free
54622,78,1,growth,A1,5494363.79809035,rifR,Ancestor,Ancestor
54623,78,1,growth,M1,26963484.521419,rifR,Mutant,Mutant
54624,78,1,growth,F1,0,rifR,Plasmid-free,Plasmid-free
54625,78,1,growth,A2,0,nalR,Ancestor,Ancestor
54626,78,1,growth,M2,0,nalR,Mutant,Mutant
54627,78,1,growth,F2,0,nalR,Plasmid-free,Plasmid-free
55322,79,1,growth,A1,8790691.01662604,rifR,Ancestor,Ancestor
55323,79,1,growth,M1,49856393.8678839,rifR,Mutant,Mutant
55324,79,1,growth,F1,0,rifR,Plasmid-free,Plasmid-free
55325,79,1,growth,A2,0,nalR,Ancestor,Ancestor
55326,79,1,growth,M2,0,nalR,Mutant,Mutant
55327,79,1,growth,F2,0,nalR,Plasmid-free,Plasmid-free
56022,80,1,growth,A1,14061985.6553181,rifR,Ancestor,Ancestor
56023,80,1,growth,M1,92163420.0966108,rifR,Mutant,Mutant
56024,80,1,growth,F1,0,rifR,Plasmid-free,Plasmid-free
56025,80,1,growth,A2,0,nalR,Ancestor,Ancestor
56026,80,1,growth,M2,0,nalR,Mutant,Mutant
56027,80,1,growth,F2,0,nalR,Plasmid-free,Plasmid-free
56722,81,1,growth,A1,22485531.6186456,rifR,Ancestor,Ancestor
56723,81,1,growth,M1,170285582.914944,rifR,Mutant,Mutant
56724,81,1,growth,F1,0,rifR,Plasmid-free,Plasmid-free
56725,81,1,growth,A2,0,nalR,Ancestor,Ancestor
56726,81,1,growth,M2,0,nalR,Mutant,Mutant
56727,81,1,growth,F2,0,nalR,Plasmid-free,Plasmid-free
57422,82,1,growth,A1,35923309.4529255,rifR,Ancestor,Ancestor
57423,82,1,growth,M1,314265126.481363,rifR,Mutant,Mutant
57424,82,1,growth,F1,0,rifR,Plasmid-free,Plasmid-free
57425,82,1,growth,A2,0,nalR,Ancestor,Ancestor
57426,82,1,growth,M2,0,nalR,Mutant,Mutant
57427,82,1,growth,F2,0,nalR,Plasmid-free,Plasmid-free
58122,83,1,growth,A1,57234301.6562723,rifR,Ancestor,Ancestor
58123,83,1,growth,M1,577903262.088277,rifR,Mutant,Mutant
58124,83,1,growth,F1,0,rifR,Plasmid-free,Plasmid-free
58125,83,1,growth,A2,0,nalR,Ancestor,Ancestor
58126,83,1,growth,M2,0,nalR,Mutant,Mutant
58127,83,1,growth,F2,0,nalR,Plasmid-free,Plasmid-free
58822,84,1,growth,A1,81624446.4903521,rifR,Ancestor,Ancestor
58823,84,1,growth,M1,919376554.237202,rifR,Mutant,Mutant
58824,84,1,growth,F1,0,rifR,Plasmid-free,Plasmid-free
58825,84,1,growth,A2,0,nalR,Ancestor,Ancestor
58826,84,1,growth,M2,0,nalR,Mutant,Mutant
58827,84,1,growth,F2,0,nalR,Plasmid-free,Plasmid-free
59522,85,1,growth,A1,81624446.5083007,rifR,Ancestor,Ancestor
59523,85,1,growth,M1,919376554.501798,rifR,Mutant,Mutant
59524,85,1,growth,F1,0,rifR,Plasmid-free,Plasmid-free
59525,85,1,growth,A2,0,nalR,Ancestor,Ancestor
59526,85,1,growth,M2,0,nalR,Mutant,Mutant
59527,85,1,growth,F2,0,nalR,Plasmid-free,Plasmid-free
60222,86,1,growth,A1,81624446.5083007,rifR,Ancestor,Ancestor
60223,86,1,growth,M1,919376554.501798,rifR,Mutant,Mutant
60224,86,1,growth,F1,0,rifR,Plasmid-free,Plasmid-free
60225,86,1,growth,A2,0,nalR,Ancestor,Ancestor
60226,86,1,growth,M2,0,nalR,Mutant,Mutant
60227,86,1,growth,F2,0,nalR,Plasmid-free,Plasmid-free
60922,87,1,growth,A1,81624446.5083007,rifR,Ancestor,Ancestor
60923,87,1,growth,M1,919376554.501798,rifR,Mutant,Mutant
60924,87,1,growth,F1,0,rifR,Plasmid-free,Plasmid-free
60925,87,1,growth,A2,0,nalR,Ancestor,Ancestor
60926,87,1,growth,M2,0,nalR,Mutant,Mutant
60927,87,1,growth,F2,0,nalR,Plasmid-free,Plasmid-free
61622,88,1,growth,A1,81624446.5083007,rifR,Ancestor,Ancestor
61623,88,1,growth,M1,919376554.501798,rifR,Mutant,Mutant
61624,88,1,growth,F1,0,rifR,Plasmid-free,Plasmid-free
61625,88,1,growth,A2,0,nalR,Ancestor,Ancestor
61626,88,1,growth,M2,0,nalR,Mutant,Mutant
61627,88,1,growth,F2,0,nalR,Plasmid-free,Plasmid-free
62322,89,1,growth,A1,81624446.5083007,rifR,Ancestor,Ancestor
62323,89,1,growth,M1,919376554.501798,rifR,Mutant,Mutant
62324,89,1,growth,F1,0,rifR,Plasmid-free,Plasmid-free
62325,89,1,growth,A2,0,nalR,Ancestor,Ancestor
62326,89,1,growth,M2,0,nalR,Mutant,Mutant
62327,89,1,growth,F2,0,nalR,Plasmid-free,Plasmid-free
63022,90,1,growth,A1,81624446.5083007,rifR,Ancestor,Ancestor
63023,90,1,growth,M1,919376554.501798,rifR,Mutant,Mutant
63024,90,1,growth,F1,0,rifR,Plasmid-free,Plasmid-free
63025,90,1,growth,A2,0,nalR,Ancestor,Ancestor
63026,90,1,growth,M2,0,nalR,Mutant,Mutant
63027,90,1,growth,F2,0,nalR,Plasmid-free,Plasmid-free
63722,91,1,growth,A1,81624446.5083007,rifR,Ancestor,Ancestor
63723,91,1,growth,M1,919376554.501798,rifR,Mutant,Mutant
63724,91,1,growth,F1,0,rifR,Plasmid-free,Plasmid-free
63725,91,1,growth,A2,0,nalR,Ancestor,Ancestor
63726,91,1,growth,M2,0,nalR,Mutant,Mutant
63727,91,1,growth,F2,0,nalR,Plasmid-free,Plasmid-free
64422,92,1,growth,A1,81624446.5083007,rifR,Ancestor,Ancestor
64423,92,1,growth,M1,919376554.501798,rifR,Mutant,Mutant
64424,92,1,growth,F1,0,rifR,Plasmid-free,Plasmid-free
64425,92,1,growth,A2,0,nalR,Ancestor,Ancestor
64426,92,1,growth,M2,0,nalR,Mutant,Mutant
64427,92,1,growth,F2,0,nalR,Plasmid-free,Plasmid-free
65122,93,1,growth,A1,81624446.5083007,rifR,Ancestor,Ancestor
65123,93,1,growth,M1,919376554.501798,rifR,Mutant,Mutant
65124,93,1,growth,F1,0,rifR,Plasmid-free,Plasmid-free
65125,93,1,growth,A2,0,nalR,Ancestor,Ancestor
65126,93,1,growth,M2,0,nalR,Mutant,Mutant
65127,93,1,growth,F2,0,nalR,Plasmid-free,Plasmid-free
65822,94,1,growth,A1,81624446.5083007,rifR,Ancestor,Ancestor
65823,94,1,growth,M1,919376554.501798,rifR,Mutant,Mutant
65824,94,1,growth,F1,0,rifR,Plasmid-free,Plasmid-free
65825,94,1,growth,A2,0,nalR,Ancestor,Ancestor
65826,94,1,growth,M2,0,nalR,Mutant,Mutant
65827,94,1,growth,F2,0,nalR,Plasmid-free,Plasmid-free
66522,95,1,growth,A1,81624446.5083007,rifR,Ancestor,Ancestor
66523,95,1,growth,M1,919376554.501798,rifR,Mutant,Mutant
66524,95,1,growth,F1,0,rifR,Plasmid-free,Plasmid-free
66525,95,1,growth,A2,0,nalR,Ancestor,Ancestor
66526,95,1,growth,M2,0,nalR,Mutant,Mutant
66527,95,1,growth,F2,0,nalR,Plasmid-free,Plasmid-free
67222,96,1,growth,A1,81624446.5083007,rifR,Ancestor,Ancestor
67223,96,1,growth,M1,919376554.501798,rifR,Mutant,Mutant
67224,96,1,growth,F1,0,rifR,Plasmid-free,Plasmid-free
67225,96,1,growth,A2,0,nalR,Ancestor,Ancestor
67226,96,1,growth,M2,0,nalR,Mutant,Mutant
67227,96,1,growth,F2,0,nalR,Plasmid-free,Plasmid-free
67229,96,1,growth,A1,81624.4465083007,rifR,Ancestor,Ancestor
67230,96,1,growth,M1,919376.554501798,rifR,Mutant,Mutant
67231,96,1,growth,F1,0,rifR,Plasmid-free,Plasmid-free
67232,96,1,growth,A2,0,nalR,Ancestor,Ancestor
67233,96,1,growth,M2,0,nalR,Mutant,Mutant
67234,96,1,growth,F2,0,nalR,Plasmid-free,Plasmid-free
67929,97,1,growth,A1,130621.932483454,rifR,Ancestor,Ancestor
67930,97,1,growth,M1,1700420.07718299,rifR,Mutant,Mutant
67931,97,1,growth,F1,0,rifR,Plasmid-free,Plasmid-free
67932,97,1,growth,A2,0,nalR,Ancestor,Ancestor
67933,97,1,growth,M2,0,nalR,Mutant,Mutant
67934,97,1,growth,F2,0,nalR,Plasmid-free,Plasmid-free
68629,98,1,growth,A1,209030.500200612,rifR,Ancestor,Ancestor
68630,98,1,growth,M1,3144966.45702569,rifR,Mutant,Mutant
68631,98,1,growth,F1,0,rifR,Plasmid-free,Plasmid-free
68632,98,1,growth,A2,0,nalR,Ancestor,Ancestor
68633,98,1,growth,M2,0,nalR,Mutant,Mutant
68634,98,1,growth,F2,0,nalR,Plasmid-free,Plasmid-free
69329,99,1,growth,A1,334502.200004858,rifR,Ancestor,Ancestor
69330,99,1,growth,M1,5816614.40639548,rifR,Mutant,Mutant
69331,99,1,growth,F1,0,rifR,Plasmid-free,Plasmid-free
69332,99,1,growth,A2,0,nalR,Ancestor,Ancestor
69333,99,1,growth,M2,0,nalR,Mutant,Mutant
69334,99,1,growth,F2,0,nalR,Plasmid-free,Plasmid-free
70029,100,1,growth,A1,535279.319635855,rifR,Ancestor,Ancestor
70030,100,1,growth,M1,10757572.8365205,rifR,Mutant,Mutant
70031,100,1,growth,F1,0,rifR,Plasmid-free,Plasmid-free
70032,100,1,growth,A2,0,nalR,Ancestor,Ancestor
70033,100,1,growth,M2,0,nalR,Mutant,Mutant
70034,100,1,growth,F2,0,nalR,Plasmid-free,Plasmid-free
70729,101,1,growth,A1,856539.479655897,rifR,Ancestor,Ancestor
70730,101,1,growth,M1,19894786.3283714,rifR,Mutant,Mutant
70731,101,1,growth,F1,0,rifR,Plasmid-free,Plasmid-free
70732,101,1,growth,A2,0,nalR,Ancestor,Ancestor
70733,101,1,growth,M2,0,nalR,Mutant,Mutant
70734,101,1,growth,F2,0,nalR,Plasmid-free,Plasmid-free
71429,102,1,growth,A1,1370524.92081059,rifR,Ancestor,Ancestor
71430,102,1,growth,M1,36789890.390093,rifR,Mutant,Mutant
71431,102,1,growth,F1,0,rifR,Plasmid-free,Plasmid-free
71432,102,1,growth,A2,0,nalR,Ancestor,Ancestor
71433,102,1,growth,M2,0,nalR,Mutant,Mutant
71434,102,1,growth,F2,0,nalR,Plasmid-free,Plasmid-free
72129,103,1,growth,A1,2192674.13442607,rifR,Ancestor,Ancestor
72130,103,1,growth,M1,68021974.1634306,rifR,Mutant,Mutant
72131,103,1,growth,F1,0,rifR,Plasmid-free,Plasmid-free
72132,103,1,growth,A2,0,nalR,Ancestor,Ancestor
72133,103,1,growth,M2,0,nalR,Mutant,Mutant
72134,103,1,growth,F2,0,nalR,Plasmid-free,Plasmid-free
72829,104,1,growth,A1,3507173.9948787,rifR,Ancestor,Ancestor
72830,104,1,growth,M1,125728614.695153,rifR,Mutant,Mutant
72831,104,1,growth,F1,0,rifR,Plasmid-free,Plasmid-free
72832,104,1,growth,A2,0,nalR,Ancestor,Ancestor
72833,104,1,growth,M2,0,nalR,Mutant,Mutant
72834,104,1,growth,F2,0,nalR,Plasmid-free,Plasmid-free
73529,105,1,growth,A1,5606850.67356756,rifR,Ancestor,Ancestor
73530,105,1,growth,M1,232235971.393349,rifR,Mutant,Mutant
73531,105,1,growth,F1,0,rifR,Plasmid-free,Plasmid-free
73532,105,1,growth,A2,0,nalR,Ancestor,Ancestor
73533,105,1,growth,M2,0,nalR,Mutant,Mutant
73534,105,1,growth,F2,0,nalR,Plasmid-free,Plasmid-free
74229,106,1,growth,A1,8952102.26548156,rifR,Ancestor,Ancestor
74230,106,1,growth,M1,428251281.336942,rifR,Mutant,Mutant
74231,106,1,growth,F1,0,rifR,Plasmid-free,Plasmid-free
74232,106,1,growth,A2,0,nalR,Ancestor,Ancestor
74233,106,1,growth,M2,0,nalR,Mutant,Mutant
74234,106,1,growth,F2,0,nalR,Plasmid-free,Plasmid-free
74929,107,1,growth,A1,14216300.5958558,rifR,Ancestor,Ancestor
74930,107,1,growth,M1,784158258.456481,rifR,Mutant,Mutant
74931,107,1,growth,F1,0,rifR,Plasmid-free,Plasmid-free
74932,107,1,growth,A2,0,nalR,Ancestor,Ancestor
74933,107,1,growth,M2,0,nalR,Mutant,Mutant
74934,107,1,growth,F2,0,nalR,Plasmid-free,Plasmid-free
75629,108,1,growth,A1,16911903.6529373,rifR,Ancestor,Ancestor
75630,108,1,growth,M1,984089097.348073,rifR,Mutant,Mutant
75631,108,1,growth,F1,0,rifR,Plasmid-free,Plasmid-free
75632,108,1,growth,A2,0,nalR,Ancestor,Ancestor
75633,108,1,growth,M2,0,nalR,Mutant,Mutant
75634,108,1,growth,F2,0,nalR,Plasmid-free,Plasmid-free
76329,109,1,growth,A1,16911903.6529373,rifR,Ancestor,Ancestor
76330,109,1,growth,M1,984089097.348073,rifR,Mutant,Mutant
76331,109,1,growth,F1,0,rifR,Plasmid-free,Plasmid-free
76332,109,1,growth,A2,0,nalR,Ancestor,Ancestor
76333,109,1,growth,M2,0,nalR,Mutant,Mutant
76334,109,1,growth,F2,0,nalR,Plasmid-free,Plasmid-free
77029,110,1,growth,A1,16911903.6529373,rifR,Ancestor,Ancestor
77030,110,1,growth,M1,984089097.348073,rifR,Mutant,Mutant
77031,110,1,growth,F1,0,rifR,Plasmid-free,Plasmid-free
77032,110,1,growth,A2,0,nalR,Ancestor,Ancestor
77033,110,1,growth,M2,0,nalR,Mutant,Mutant
77034,110,1,growth,F2,0,nalR,Plasmid-free,Plasmid-free
77729,111,1,growth,A1,16911903.6529373,rifR,Ancestor,Ancestor
77730,111,1,growth,M1,984089097.348073,rifR,Mutant,Mutant
77731,111,1,growth,F1,0,rifR,Plasmid-free,Plasmid-free
77732,111,1,growth,A2,0,nalR,Ancestor,Ancestor
77733,111,1,growth,M2,0,nalR,Mutant,Mutant
77734,111,1,growth,F2,0,nalR,Plasmid-free,Plasmid-free
78429,112,1,growth,A1,16911903.6529373,rifR,Ancestor,Ancestor
78430,112,1,growth,M1,984089097.348073,rifR,Mutant,Mutant
78431,112,1,growth,F1,0,rifR,Plasmid-free,Plasmid-free
78432,112,1,growth,A2,0,nalR,Ancestor,Ancestor
78433,112,1,growth,M2,0,nalR,Mutant,Mutant
78434,112,1,growth,F2,0,nalR,Plasmid-free,Plasmid-free
79129,113,1,growth,A1,16911903.6529373,rifR,Ancestor,Ancestor
79130,113,1,growth,M1,984089097.348073,rifR,Mutant,Mutant
79131,113,1,growth,F1,0,rifR,Plasmid-free,Plasmid-free
79132,113,1,growth,A2,0,nalR,Ancestor,Ancestor
79133,113,1,growth,M2,0,nalR,Mutant,Mutant
79134,113,1,growth,F2,0,nalR,Plasmid-free,Plasmid-free
79829,114,1,growth,A1,16911903.6529373,rifR,Ancestor,Ancestor
79830,114,1,growth,M1,984089097.348073,rifR,Mutant,Mutant
79831,114,1,growth,F1,0,rifR,Plasmid-free,Plasmid-free
79832,114,1,growth,A2,0,nalR,Ancestor,Ancestor
79833,114,1,growth,M2,0,nalR,Mutant,Mutant
79834,114,1,growth,F2,0,nalR,Plasmid-free,Plasmid-free
80529,115,1,growth,A1,16911903.6529373,rifR,Ancestor,Ancestor
80530,115,1,growth,M1,984089097.348073,rifR,Mutant,Mutant
80531,115,1,growth,F1,0,rifR,Plasmid-free,Plasmid-free
80532,115,1,growth,A2,0,nalR,Ancestor,Ancestor
80533,115,1,growth,M2,0,nalR,Mutant,Mutant
80534,115,1,growth,F2,0,nalR,Plasmid-free,Plasmid-free
81229,116,1,growth,A1,16911903.6529373,rifR,Ancestor,Ancestor
81230,116,1,growth,M1,984089097.348073,rifR,Mutant,Mutant
81231,116,1,growth,F1,0,rifR,Plasmid-free,Plasmid-free
81232,116,1,growth,A2,0,nalR,Ancestor,Ancestor
81233,116,1,growth,M2,0,nalR,Mutant,Mutant
81234,116,1,growth,F2,0,nalR,Plasmid-free,Plasmid-free
81929,117,1,growth,A1,16911903.6529373,rifR,Ancestor,Ancestor
81930,117,1,growth,M1,984089097.348073,rifR,Mutant,Mutant
81931,117,1,growth,F1,0,rifR,Plasmid-free,Plasmid-free
81932,117,1,growth,A2,0,nalR,Ancestor,Ancestor
81933,117,1,growth,M2,0,nalR,Mutant,Mutant
81934,117,1,growth,F2,0,nalR,Plasmid-free,Plasmid-free
82629,118,1,growth,A1,16911903.6529373,rifR,Ancestor,Ancestor
82630,118,1,growth,M1,984089097.348073,rifR,Mutant,Mutant
82631,118,1,growth,F1,0,rifR,Plasmid-free,Plasmid-free
82632,118,1,growth,A2,0,nalR,Ancestor,Ancestor
82633,118,1,growth,M2,0,nalR,Mutant,Mutant
82634,118,1,growth,F2,0,nalR,Plasmid-free,Plasmid-free
83329,119,1,growth,A1,16911903.6529373,rifR,Ancestor,Ancestor
83330,119,1,growth,M1,984089097.348073,rifR,Mutant,Mutant
83331,119,1,growth,F1,0,rifR,Plasmid-free,Plasmid-free
83332,119,1,growth,A2,0,nalR,Ancestor,Ancestor
83333,119,1,growth,M2,0,nalR,Mutant,Mutant
83334,119,1,growth,F2,0,nalR,Plasmid-free,Plasmid-free
84029,120,1,growth,A1,16911903.6529373,rifR,Ancestor,Ancestor
84030,120,1,growth,M1,984089097.348073,rifR,Mutant,Mutant
84031,120,1,growth,F1,0,rifR,Plasmid-free,Plasmid-free
84032,120,1,growth,A2,0,nalR,Ancestor,Ancestor
84033,120,1,growth,M2,0,nalR,Mutant,Mutant
84034,120,1,growth,F2,0,nalR,Plasmid-free,Plasmid-free
84036,120,1,growth,A1,16911.9036529373,rifR,Ancestor,Ancestor
84037,120,1,growth,M1,984089.097348073,rifR,Mutant,Mutant
84038,120,1,growth,F1,0,rifR,Plasmid-free,Plasmid-free
84039,120,1,growth,A2,0,nalR,Ancestor,Ancestor
84040,120,1,growth,M2,0,nalR,Mutant,Mutant
84041,120,1,growth,F2,0,nalR,Plasmid-free,Plasmid-free
84736,121,1,growth,A1,27063.772715074,rifR,Ancestor,Ancestor
84737,121,1,growth,M1,1820108.18367716,rifR,Mutant,Mutant
84738,121,1,growth,F1,0,rifR,Plasmid-free,Plasmid-free
84739,121,1,growth,A2,0,nalR,Ancestor,Ancestor
84740,121,1,growth,M2,0,nalR,Mutant,Mutant
84741,121,1,growth,F2,0,nalR,Plasmid-free,Plasmid-free
85436,122,1,growth,A1,43309.3659854101,rifR,Ancestor,Ancestor
85437,122,1,growth,M1,3366331.71672072,rifR,Mutant,Mutant
85438,122,1,growth,F1,0,rifR,Plasmid-free,Plasmid-free
85439,122,1,growth,A2,0,nalR,Ancestor,Ancestor
85440,122,1,growth,M2,0,nalR,Mutant,Mutant
85441,122,1,growth,F2,0,nalR,Plasmid-free,Plasmid-free
86136,123,1,growth,A1,69306.0191199935,rifR,Ancestor,Ancestor
86137,123,1,growth,M1,6226025.80800151,rifR,Mutant,Mutant
86138,123,1,growth,F1,0,rifR,Plasmid-free,Plasmid-free
86139,123,1,growth,A2,0,nalR,Ancestor,Ancestor
86140,123,1,growth,M2,0,nalR,Mutant,Mutant
86141,123,1,growth,F2,0,nalR,Plasmid-free,Plasmid-free
86836,124,1,growth,A1,110905.217340876,rifR,Ancestor,Ancestor
86837,124,1,growth,M1,11514745.1882584,rifR,Mutant,Mutant
86838,124,1,growth,F1,0,rifR,Plasmid-free,Plasmid-free
86839,124,1,growth,A2,0,nalR,Ancestor,Ancestor
86840,124,1,growth,M2,0,nalR,Mutant,Mutant
86841,124,1,growth,F2,0,nalR,Plasmid-free,Plasmid-free
87536,125,1,growth,A1,177467.100225634,rifR,Ancestor,Ancestor
87537,125,1,growth,M1,21295015.0099766,rifR,Mutant,Mutant
87538,125,1,growth,F1,0,rifR,Plasmid-free,Plasmid-free
87539,125,1,growth,A2,0,nalR,Ancestor,Ancestor
87540,125,1,growth,M2,0,nalR,Mutant,Mutant
87541,125,1,growth,F2,0,nalR,Plasmid-free,Plasmid-free
88236,126,1,growth,A1,283958.668211422,rifR,Ancestor,Ancestor
88237,126,1,growth,M1,39378955.5595767,rifR,Mutant,Mutant
88238,126,1,growth,F1,0,rifR,Plasmid-free,Plasmid-free
88239,126,1,growth,A2,0,nalR,Ancestor,Ancestor
88240,126,1,growth,M2,0,nalR,Mutant,Mutant
88241,126,1,growth,F2,0,nalR,Plasmid-free,Plasmid-free
88936,127,1,growth,A1,454294.387457148,rifR,Ancestor,Ancestor
88937,127,1,growth,M1,72807900.3032636,rifR,Mutant,Mutant
88938,127,1,growth,F1,0,rifR,Plasmid-free,Plasmid-free
88939,127,1,growth,A2,0,nalR,Ancestor,Ancestor
88940,127,1,growth,M2,0,nalR,Mutant,Mutant
88941,127,1,growth,F2,0,nalR,Plasmid-free,Plasmid-free
89636,128,1,growth,A1,726623.90961754,rifR,Ancestor,Ancestor
89637,128,1,growth,M1,134570278.693089,rifR,Mutant,Mutant
89638,128,1,growth,F1,0,rifR,Plasmid-free,Plasmid-free
89639,128,1,growth,A2,0,nalR,Ancestor,Ancestor
89640,128,1,growth,M2,0,nalR,Mutant,Mutant
89641,128,1,growth,F2,0,nalR,Plasmid-free,Plasmid-free
90336,129,1,growth,A1,1161569.09066663,rifR,Ancestor,Ancestor
90337,129,1,growth,M1,248547911.860186,rifR,Mutant,Mutant
90338,129,1,growth,F1,0,rifR,Plasmid-free,Plasmid-free
90339,129,1,growth,A2,0,nalR,Ancestor,Ancestor
90340,129,1,growth,M2,0,nalR,Mutant,Mutant
90341,129,1,growth,F2,0,nalR,Plasmid-free,Plasmid-free
91036,130,1,growth,A1,1854262.87633338,rifR,Ancestor,Ancestor
91037,130,1,growth,M1,458221035.008411,rifR,Mutant,Mutant
91038,130,1,growth,F1,0,rifR,Plasmid-free,Plasmid-free
91039,130,1,growth,A2,0,nalR,Ancestor,Ancestor
91040,130,1,growth,M2,0,nalR,Mutant,Mutant
91041,130,1,growth,F2,0,nalR,Plasmid-free,Plasmid-free
91736,131,1,growth,A1,2940552.35014911,rifR,Ancestor,Ancestor
91737,131,1,growth,M1,837511387.531145,rifR,Mutant,Mutant
91738,131,1,growth,F1,0,rifR,Plasmid-free,Plasmid-free
91739,131,1,growth,A2,0,nalR,Ancestor,Ancestor
91740,131,1,growth,M2,0,nalR,Mutant,Mutant
91741,131,1,growth,F2,0,nalR,Plasmid-free,Plasmid-free
92436,132,1,growth,A1,3361390.1921704,rifR,Ancestor,Ancestor
92437,132,1,growth,M1,997639610.808831,rifR,Mutant,Mutant
92438,132,1,growth,F1,0,rifR,Plasmid-free,Plasmid-free
92439,132,1,growth,A2,0,nalR,Ancestor,Ancestor
92440,132,1,growth,M2,0,nalR,Mutant,Mutant
92441,132,1,growth,F2,0,nalR,Plasmid-free,Plasmid-free
93136,133,1,growth,A1,3361390.1921704,rifR,Ancestor,Ancestor
93137,133,1,growth,M1,997639610.808831,rifR,Mutant,Mutant
93138,133,1,growth,F1,0,rifR,Plasmid-free,Plasmid-free
93139,133,1,growth,A2,0,nalR,Ancestor,Ancestor
93140,133,1,growth,M2,0,nalR,Mutant,Mutant
93141,133,1,growth,F2,0,nalR,Plasmid-free,Plasmid-free
93836,134,1,growth,A1,3361390.1921704,rifR,Ancestor,Ancestor
93837,134,1,growth,M1,997639610.808831,rifR,Mutant,Mutant
93838,134,1,growth,F1,0,rifR,Plasmid-free,Plasmid-free
93839,134,1,growth,A2,0,nalR,Ancestor,Ancestor
93840,134,1,growth,M2,0,nalR,Mutant,Mutant
93841,134,1,growth,F2,0,nalR,Plasmid-free,Plasmid-free
94536,135,1,growth,A1,3361390.1921704,rifR,Ancestor,Ancestor
94537,135,1,growth,M1,997639610.808831,rifR,Mutant,Mutant
94538,135,1,growth,F1,0,rifR,Plasmid-free,Plasmid-free
94539,135,1,growth,A2,0,nalR,Ancestor,Ancestor
94540,135,1,growth,M2,0,nalR,Mutant,Mutant
94541,135,1,growth,F2,0,nalR,Plasmid-free,Plasmid-free
95236,136,1,growth,A1,3361390.1921704,rifR,Ancestor,Ancestor
95237,136,1,growth,M1,997639610.808831,rifR,Mutant,Mutant
95238,136,1,growth,F1,0,rifR,Plasmid-free,Plasmid-free
95239,136,1,growth,A2,0,nalR,Ancestor,Ancestor
95240,136,1,growth,M2,0,nalR,Mutant,Mutant
95241,136,1,growth,F2,0,nalR,Plasmid-free,Plasmid-free
95936,137,1,growth,A1,3361390.1921704,rifR,Ancestor,Ancestor
95937,137,1,growth,M1,997639610.808831,rifR,Mutant,Mutant
95938,137,1,growth,F1,0,rifR,Plasmid-free,Plasmid-free
95939,137,1,growth,A2,0,nalR,Ancestor,Ancestor
95940,137,1,growth,M2,0,nalR,Mutant,Mutant
95941,137,1,growth,F2,0,nalR,Plasmid-free,Plasmid-free
96636,138,1,growth,A1,3361390.1921704,rifR,Ancestor,Ancestor
96637,138,1,growth,M1,997639610.808831,rifR,Mutant,Mutant
96638,138,1,growth,F1,0,rifR,Plasmid-free,Plasmid-free
96639,138,1,growth,A2,0,nalR,Ancestor,Ancestor
96640,138,1,growth,M2,0,nalR,Mutant,Mutant
96641,138,1,growth,F2,0,nalR,Plasmid-free,Plasmid-free
97336,139,1,growth,A1,3361390.1921704,rifR,Ancestor,Ancestor
97337,139,1,growth,M1,997639610.808831,rifR,Mutant,Mutant
97338,139,1,growth,F1,0,rifR,Plasmid-free,Plasmid-free
97339,139,1,growth,A2,0,nalR,Ancestor,Ancestor
97340,139,1,growth,M2,0,nalR,Mutant,Mutant
97341,139,1,growth,F2,0,nalR,Plasmid-free,Plasmid-free
98036,140,1,growth,A1,3361390.1921704,rifR,Ancestor,Ancestor
98037,140,1,growth,M1,997639610.808831,rifR,Mutant,Mutant
98038,140,1,growth,F1,0,rifR,Plasmid-free,Plasmid-free
98039,140,1,growth,A2,0,nalR,Ancestor,Ancestor
98040,140,1,growth,M2,0,nalR,Mutant,Mutant
98041,140,1,growth,F2,0,nalR,Plasmid-free,Plasmid-free
98736,141,1,growth,A1,3361390.1921704,rifR,Ancestor,Ancestor
98737,141,1,growth,M1,997639610.808831,rifR,Mutant,Mutant
98738,141,1,growth,F1,0,rifR,Plasmid-free,Plasmid-free
98739,141,1,growth,A2,0,nalR,Ancestor,Ancestor
98740,141,1,growth,M2,0,nalR,Mutant,Mutant
98741,141,1,growth,F2,0,nalR,Plasmid-free,Plasmid-free
99436,142,1,growth,A1,3361390.1921704,rifR,Ancestor,Ancestor
99437,142,1,growth,M1,997639610.808831,rifR,Mutant,Mutant
99438,142,1,growth,F1,0,rifR,Plasmid-free,Plasmid-free
99439,142,1,growth,A2,0,nalR,Ancestor,Ancestor
99440,142,1,growth,M2,0,nalR,Mutant,Mutant
99441,142,1,growth,F2,0,nalR,Plasmid-free,Plasmid-free
100136,143,1,growth,A1,3361390.1921704,rifR,Ancestor,Ancestor
100137,143,1,growth,M1,997639610.808831,rifR,Mutant,Mutant
100138,143,1,growth,F1,0,rifR,Plasmid-free,Plasmid-free
100139,143,1,growth,A2,0,nalR,Ancestor,Ancestor
100140,143,1,growth,M2,0,nalR,Mutant,Mutant
100141,143,1,growth,F2,0,nalR,Plasmid-free,Plasmid-free
100836,144,1,growth,A1,3361390.1921704,rifR,Ancestor,Ancestor
100837,144,1,growth,M1,997639610.808831,rifR,Mutant,Mutant
100838,144,1,growth,F1,0,rifR,Plasmid-free,Plasmid-free
100839,144,1,growth,A2,0,nalR,Ancestor,Ancestor
100840,144,1,growth,M2,0,nalR,Mutant,Mutant
100841,144,1,growth,F2,0,nalR,Plasmid-free,Plasmid-free
100843,144,1,growth,A1,3361.3901921704,rifR,Ancestor,Ancestor
100844,144,1,growth,M1,997639.610808831,rifR,Mutant,Mutant
100845,144,1,growth,F1,0,rifR,Plasmid-free,Plasmid-free
100846,144,1,growth,A2,0,nalR,Ancestor,Ancestor
100847,144,1,growth,M2,0,nalR,Mutant,Mutant
100848,144,1,growth,F2,0,nalR,Plasmid-free,Plasmid-free
101543,145,1,growth,A1,5379.16377960789,rifR,Ancestor,Ancestor
101544,145,1,growth,M1,1845170.33000882,rifR,Mutant,Mutant
101545,145,1,growth,F1,0,rifR,Plasmid-free,Plasmid-free
101546,145,1,growth,A2,0,nalR,Ancestor,Ancestor
101547,145,1,growth,M2,0,nalR,Mutant,Mutant
101548,145,1,growth,F2,0,nalR,Plasmid-free,Plasmid-free
102243,146,1,growth,A1,8608.1186016242,rifR,Ancestor,Ancestor
102244,146,1,growth,M1,3412684.58625142,rifR,Mutant,Mutant
102245,146,1,growth,F1,0,rifR,Plasmid-free,Plasmid-free
102246,146,1,growth,A2,0,nalR,Ancestor,Ancestor
102247,146,1,growth,M2,0,nalR,Mutant,Mutant
102248,146,1,growth,F2,0,nalR,Plasmid-free,Plasmid-free
102943,147,1,growth,A1,13775.1815103488,rifR,Ancestor,Ancestor
102944,147,1,growth,M1,6311754.61713048,rifR,Mutant,Mutant
102945,147,1,growth,F1,0,rifR,Plasmid-free,Plasmid-free
102946,147,1,growth,A2,0,nalR,Ancestor,Ancestor
102947,147,1,growth,M2,0,nalR,Mutant,Mutant
102948,147,1,growth,F2,0,nalR,Plasmid-free,Plasmid-free
103643,148,1,growth,A1,22043.3834955479,rifR,Ancestor,Ancestor
103644,148,1,growth,M1,11673293.225596,rifR,Mutant,Mutant
103645,148,1,growth,F1,0,rifR,Plasmid-free,Plasmid-free
103646,148,1,growth,A2,0,nalR,Ancestor,Ancestor
103647,148,1,growth,M2,0,nalR,Mutant,Mutant
103648,148,1,growth,F2,0,nalR,Plasmid-free,Plasmid-free
104343,149,1,growth,A1,35273.123036042,rifR,Ancestor,Ancestor
104344,149,1,growth,M1,21588214.6466219,rifR,Mutant,Mutant
104345,149,1,growth,F1,0,rifR,Plasmid-free,Plasmid-free
104346,149,1,growth,A2,0,nalR,Ancestor,Ancestor
104347,149,1,growth,M2,0,nalR,Mutant,Mutant
104348,149,1,growth,F2,0,nalR,Plasmid-free,Plasmid-free
105043,150,1,growth,A1,56439.1824241726,rifR,Ancestor,Ancestor
105044,150,1,growth,M1,39921085.9874971,rifR,Mutant,Mutant
105045,150,1,growth,F1,0,rifR,Plasmid-free,Plasmid-free
105046,150,1,growth,A2,0,nalR,Ancestor,Ancestor
105047,150,1,growth,M2,0,nalR,Mutant,Mutant
105048,150,1,growth,F2,0,nalR,Plasmid-free,Plasmid-free
105743,151,1,growth,A1,90294.6299311073,rifR,Ancestor,Ancestor
105744,151,1,growth,M1,73810018.0115032,rifR,Mutant,Mutant
105745,151,1,growth,F1,0,rifR,Plasmid-free,Plasmid-free
105746,151,1,growth,A2,0,nalR,Ancestor,Ancestor
105747,151,1,growth,M2,0,nalR,Mutant,Mutant
105748,151,1,growth,F2,0,nalR,Plasmid-free,Plasmid-free
106443,152,1,growth,A1,144421.528718573,rifR,Ancestor,Ancestor
106444,152,1,growth,M1,136421541.877667,rifR,Mutant,Mutant
106445,152,1,growth,F1,0,rifR,Plasmid-free,Plasmid-free
106446,152,1,growth,A2,0,nalR,Ancestor,Ancestor
106447,152,1,growth,M2,0,nalR,Mutant,Mutant
106448,152,1,growth,F2,0,nalR,Plasmid-free,Plasmid-free
107143,153,1,growth,A1,230866.92373619,rifR,Ancestor,Ancestor
107144,153,1,growth,M1,251962913.981198,rifR,Mutant,Mutant
107145,153,1,growth,F1,0,rifR,Plasmid-free,Plasmid-free
107146,153,1,growth,A2,0,nalR,Ancestor,Ancestor
107147,153,1,growth,M2,0,nalR,Mutant,Mutant
107148,153,1,growth,F2,0,nalR,Plasmid-free,Plasmid-free
107843,154,1,growth,A1,368528.173748331,rifR,Ancestor,Ancestor
107844,154,1,growth,M1,464492755.241477,rifR,Mutant,Mutant
107845,154,1,growth,F1,0,rifR,Plasmid-free,Plasmid-free
107846,154,1,growth,A2,0,nalR,Ancestor,Ancestor
107847,154,1,growth,M2,0,nalR,Mutant,Mutant
107848,154,1,growth,F2,0,nalR,Plasmid-free,Plasmid-free
108543,155,1,growth,A1,584225.133748366,rifR,Ancestor,Ancestor
108544,155,1,growth,M1,848596268.57422,rifR,Mutant,Mutant
108545,155,1,growth,F1,0,rifR,Plasmid-free,Plasmid-free
108546,155,1,growth,A2,0,nalR,Ancestor,Ancestor
108547,155,1,growth,M2,0,nalR,Mutant,Mutant
108548,155,1,growth,F2,0,nalR,Plasmid-free,Plasmid-free
109243,156,1,growth,A1,662523.536725917,rifR,Ancestor,Ancestor
109244,156,1,growth,M1,1000338477.46428,rifR,Mutant,Mutant
109245,156,1,growth,F1,0,rifR,Plasmid-free,Plasmid-free
109246,156,1,growth,A2,0,nalR,Ancestor,Ancestor
109247,156,1,growth,M2,0,nalR,Mutant,Mutant
109248,156,1,growth,F2,0,nalR,Plasmid-free,Plasmid-free
109943,157,1,growth,A1,662523.536725917,rifR,Ancestor,Ancestor
109944,157,1,growth,M1,1000338477.46428,rifR,Mutant,Mutant
109945,157,1,growth,F1,0,rifR,Plasmid-free,Plasmid-free
109946,157,1,growth,A2,0,nalR,Ancestor,Ancestor
109947,157,1,growth,M2,0,nalR,Mutant,Mutant
109948,157,1,growth,F2,0,nalR,Plasmid-free,Plasmid-free
110643,158,1,growth,A1,662523.536725917,rifR,Ancestor,Ancestor
110644,158,1,growth,M1,1000338477.46428,rifR,Mutant,Mutant
110645,158,1,growth,F1,0,rifR,Plasmid-free,Plasmid-free
110646,158,1,growth,A2,0,nalR,Ancestor,Ancestor
110647,158,1,growth,M2,0,nalR,Mutant,Mutant
110648,158,1,growth,F2,0,nalR,Plasmid-free,Plasmid-free
111343,159,1,growth,A1,662523.536725917,rifR,Ancestor,Ancestor
111344,159,1,growth,M1,1000338477.46428,rifR,Mutant,Mutant
111345,159,1,growth,F1,0,rifR,Plasmid-free,Plasmid-free
111346,159,1,growth,A2,0,nalR,Ancestor,Ancestor
111347,159,1,growth,M2,0,nalR,Mutant,Mutant
111348,159,1,growth,F2,0,nalR,Plasmid-free,Plasmid-free
112043,160,1,growth,A1,662523.536725917,rifR,Ancestor,Ancestor
112044,160,1,growth,M1,1000338477.46428,rifR,Mutant,Mutant
112045,160,1,growth,F1,0,rifR,Plasmid-free,Plasmid-free
112046,160,1,growth,A2,0,nalR,Ancestor,Ancestor
112047,160,1,growth,M2,0,nalR,Mutant,Mutant
112048,160,1,growth,F2,0,nalR,Plasmid-free,Plasmid-free
112743,161,1,growth,A1,662523.536725917,rifR,Ancestor,Ancestor
112744,161,1,growth,M1,1000338477.46428,rifR,Mutant,Mutant
112745,161,1,growth,F1,0,rifR,Plasmid-free,Plasmid-free
112746,161,1,growth,A2,0,nalR,Ancestor,Ancestor
112747,161,1,growth,M2,0,nalR,Mutant,Mutant
112748,161,1,growth,F2,0,nalR,Plasmid-free,Plasmid-free
113443,162,1,growth,A1,662523.536725917,rifR,Ancestor,Ancestor
113444,162,1,growth,M1,1000338477.46428,rifR,Mutant,Mutant
113445,162,1,growth,F1,0,rifR,Plasmid-free,Plasmid-free
113446,162,1,growth,A2,0,nalR,Ancestor,Ancestor
113447,162,1,growth,M2,0,nalR,Mutant,Mutant
113448,162,1,growth,F2,0,nalR,Plasmid-free,Plasmid-free
114143,163,1,growth,A1,662523.536725917,rifR,Ancestor,Ancestor
114144,163,1,growth,M1,1000338477.46428,rifR,Mutant,Mutant
114145,163,1,growth,F1,0,rifR,Plasmid-free,Plasmid-free
114146,163,1,growth,A2,0,nalR,Ancestor,Ancestor
114147,163,1,growth,M2,0,nalR,Mutant,Mutant
114148,163,1,growth,F2,0,nalR,Plasmid-free,Plasmid-free
114843,164,1,growth,A1,662523.536725917,rifR,Ancestor,Ancestor
114844,164,1,growth,M1,1000338477.46428,rifR,Mutant,Mutant
114845,164,1,growth,F1,0,rifR,Plasmid-free,Plasmid-free
114846,164,1,growth,A2,0,nalR,Ancestor,Ancestor
114847,164,1,growth,M2,0,nalR,Mutant,Mutant
114848,164,1,growth,F2,0,nalR,Plasmid-free,Plasmid-free
115543,165,1,growth,A1,662523.536725917,rifR,Ancestor,Ancestor
115544,165,1,growth,M1,1000338477.46428,rifR,Mutant,Mutant
115545,165,1,growth,F1,0,rifR,Plasmid-free,Plasmid-free
115546,165,1,growth,A2,0,nalR,Ancestor,Ancestor
115547,165,1,growth,M2,0,nalR,Mutant,Mutant
115548,165,1,growth,F2,0,nalR,Plasmid-free,Plasmid-free
116243,166,1,growth,A1,662523.536725917,rifR,Ancestor,Ancestor
116244,166,1,growth,M1,1000338477.46428,rifR,Mutant,Mutant
116245,166,1,growth,F1,0,rifR,Plasmid-free,Plasmid-free
116246,166,1,growth,A2,0,nalR,Ancestor,Ancestor
116247,166,1,growth,M2,0,nalR,Mutant,Mutant
116248,166,1,growth,F2,0,nalR,Plasmid-free,Plasmid-free
116943,167,1,growth,A1,662523.536725917,rifR,Ancestor,Ancestor
116944,167,1,growth,M1,1000338477.46428,rifR,Mutant,Mutant
116945,167,1,growth,F1,0,rifR,Plasmid-free,Plasmid-free
116946,167,1,growth,A2,0,nalR,Ancestor,Ancestor
116947,167,1,growth,M2,0,nalR,Mutant,Mutant
116948,167,1,growth,F2,0,nalR,Plasmid-free,Plasmid-free
117643,168,1,growth,A1,662523.536725917,rifR,Ancestor,Ancestor
117644,168,1,growth,M1,1000338477.46428,rifR,Mutant,Mutant
117645,168,1,growth,F1,0,rifR,Plasmid-free,Plasmid-free
117646,168,1,growth,A2,0,nalR,Ancestor,Ancestor
117647,168,1,growth,M2,0,nalR,Mutant,Mutant
117648,168,1,growth,F2,0,nalR,Plasmid-free,Plasmid-free
117650,168,1,conj,A1,6625.23536725917,rifR,Ancestor,Ancestor
117651,168,1,conj,M1,10003384.7746428,rifR,Mutant,Mutant
117652,168,1,conj,F1,0,rifR,Plasmid-free,Plasmid-free
117653,168,1,conj,A2,0,nalR,Ancestor,Ancestor
117654,168,1,conj,M2,0,nalR,Mutant,Mutant
117655,168,1,conj,F2,10000000,nalR,Plasmid-free,Plasmid-free
118350,169,1,conj,A1,10601.8771410068,rifR,Ancestor,Ancestor
118351,169,1,conj,M1,18500819.0011785,rifR,Mutant,Mutant
118352,169,1,conj,F1,0,rifR,Plasmid-free,Plasmid-free
118353,169,1,conj,A2,0,nalR,Ancestor,Ancestor
118354,169,1,conj,M2,4.12622513505105,nalR,Mutant,Mutant
118355,169,1,conj,F2,18205646.4875329,nalR,Plasmid-free,Plasmid-free
119050,170,1,conj,A1,16963.5251968294,rifR,Ancestor,Ancestor
119051,170,1,conj,M1,34211494.9704739,rifR,Mutant,Mutant
119052,170,1,conj,F1,0,rifR,Plasmid-free,Plasmid-free
119053,170,1,conj,A2,1.57049669914743,nalR,Ancestor,Ancestor
119054,170,1,conj,M2,21.5170491623926,nalR,Mutant,Mutant
119055,170,1,conj,F2,33139873.4514078,nalR,Plasmid-free,Plasmid-free
119750,171,1,conj,A1,27136.5628926753,rifR,Ancestor,Ancestor
119751,171,1,conj,M1,63245481.242789,rifR,Mutant,Mutant
119752,171,1,conj,F1,0,rifR,Plasmid-free,Plasmid-free
119753,171,1,conj,A2,5.46201190346967,nalR,Ancestor,Ancestor
119754,171,1,conj,M2,86.4803096676036,nalR,Mutant,Mutant
119755,171,1,conj,F2,60308000.8073235,nalR,Plasmid-free,Plasmid-free
120450,172,1,conj,A1,43390.5299636639,rifR,Ancestor,Ancestor
120451,172,1,conj,M1,116849638.551533,rifR,Mutant,Mutant
120452,172,1,conj,F1,0,rifR,Plasmid-free,Plasmid-free
120453,172,1,conj,A2,17.3055541621563,nalR,Ancestor,Ancestor
120454,172,1,conj,M2,316.598064601311,nalR,Mutant,Mutant
120455,172,1,conj,F2,109684629.238919,nalR,Plasmid-free,Plasmid-free
121150,173,1,conj,A1,69303.1430361503,rifR,Ancestor,Ancestor
121151,173,1,conj,M1,215573374.786584,rifR,Mutant,Mutant
121152,173,1,conj,F1,0,rifR,Plasmid-free,Plasmid-free
121153,173,1,conj,A2,52.4630343404312,nalR,Ancestor,Ancestor
121154,173,1,conj,M2,1108.63055805793,nalR,Mutant,Mutant
121155,173,1,conj,F2,199205824.681846,nalR,Plasmid-free,Plasmid-free
121157,173,1,tselect,A1,0,rifR,Ancestor,Ancestor
121158,173,1,tselect,M1,0,rifR,Mutant,Mutant
121159,173,1,tselect,F1,0,rifR,Plasmid-free,Plasmid-free
121160,173,1,tselect,A2,26.2315171702156,nalR,Ancestor,Ancestor
121161,173,1,tselect,M2,554.315279028963,nalR,Mutant,Mutant
121162,173,1,tselect,F2,0,nalR,Plasmid-free,Plasmid-free
121164,197,1,tselect,A1,0,rifR,Ancestor,Ancestor
121165,197,1,tselect,M1,0,rifR,Mutant,Mutant
121166,197,1,tselect,F1,0,rifR,Plasmid-free,Plasmid-free
121167,197,1,tselect,A2,23605.3359727618,nalR,Ancestor,Ancestor
121168,197,1,tselect,M2,9976394.66402724,nalR,Mutant,Mutant
121169,197,1,tselect,F2,0,nalR,Plasmid-free,Plasmid-free
